mean_ratio,var_ratio
-0.12198181831843137,68.98661439193478
-0.12169127628135805,68.87606912260604
-0.09772387100007915,70.80276808248999
-0.09630180867492723,70.89117132465437
-0.09630180867492723,70.89117132465437
-0.09559078844925946,70.9346821792863
-0.09487977551477345,70.97773911962479
-0.09487977551477345,70.97773911962479
-0.09442042778649913,71.09915202494145
-0.09442042778649913,71.09915202494145
-0.09396108281541435,71.21980504356983
-0.09396108281541435,71.21980504356983
-0.09396108281541435,71.21980504356983
-0.09350174060149422,71.33970818845341
-0.09304240114471395,71.4588713125675
-0.09304240114471395,71.4588713125675
-0.09258306444504873,71.57730411217173
-0.09281303585123156,71.30344173293956
-0.09327298386946431,70.73934923364253
-0.09421074992589079,69.79527500808847
-0.09444965709764176,69.61340627679074
-0.09468856535160095,69.42923774785918
-0.07579440637438986,64.82285925570142
-0.07453981598570822,64.88491798020408
-0.020261401581924333,48.164647259904406
-0.020246424294708926,48.165672307062366
-0.020246424294708926,48.165672307062366
-0.020231447014447977,48.16668948195106
-0.03121175743565558,45.3715600603384
-0.03103357711515998,44.939569075800954
-0.0002665316136329872,53.126419715507524
0.000417352093087599,30.532258376889708
0.000417352093087599,30.532258376889708
0.0005387864958998233,30.44024543518253
0.0004681803766668261,29.923613199891104
0.0002563622649903297,28.37396562365415
0.00018575630969094935,27.85749774823165
0.05337969362643517,60.085894510002916
0.05337969362643517,60.085894510002916
0.05337969362643517,60.085894510002916
0.05280294000763017,60.15257178465484
0.002199009319398472,64.3741457481191
0.002199009319398472,64.3741457481191
0.002199009319398472,64.3741457481191
-0.01583334931031859,63.51288797656658
-0.016010300099594383,63.523391207316635
-0.016187251654358165,63.53371384251275
-0.016187251654358165,63.53371384251275
-0.01636420397457057,63.543856405316156
-0.016618236602502688,63.573403928789965
-0.0168722700240753,63.60299847519054
-0.0168722700240753,63.60299847519054
-0.017380339248245537,63.662329949284725
-0.017634375050806273,63.69206753732809
-0.017634375050806273,63.69206753732809
-0.01826429901507362,63.48072805574741
-0.01826429901507362,63.48072805574741
-0.01826429901507362,63.48072805574741
-0.01826429901507362,63.48072805574741
-0.0195241632169761,63.04834399989514
-0.0195241632169761,63.04834399989514
-0.0195241632169761,63.04834399989514
-0.02015410345475137,62.82713725886081
-0.02015410345475137,62.82713725886081
-0.02015410345475137,62.82713725886081
-0.02137528069001887,61.859699132408984
-0.021966523094969964,61.0752349650369
-0.021966523094969964,61.0752349650369
-0.023149040402212644,59.36627863159267
-0.023149040402212644,59.36627863159267
-0.023149040402212644,59.36627863159267
-0.02374031530505529,58.43315240485383
-0.024977239684925844,56.674542473475256
-0.028688166725533704,50.226916962215974
-0.028688166725533704,50.226916962215974
-0.0379386947497362,42.008264764606615
-0.038985551043222884,41.26323419108713
-0.038985551043222884,41.26323419108713
-0.038985551043222884,41.26323419108713
-0.04003242164983677,40.48424432599637
-0.04003242164983677,40.48424432599637
-0.04003242164983677,40.48424432599637
-0.041079306569738336,39.668890731808744
-0.041079306569738336,39.668890731808744
-0.041079306569738336,39.668890731808744
-0.041079306569738336,39.668890731808744
-0.04212620580333204,38.81453677924267
-0.04212620580333204,38.81453677924267
-0.04212620580333204,38.81453677924267
-0.043173119350844884,37.918284922472544
-0.043173119350844884,37.918284922472544
-0.0440748115509332,37.03446080951733
-0.04497651299175139,36.10215571395739
-0.045878223673374935,35.11709561369236
-0.045878223673374935,35.11709561369236
-0.045878223673374935,35.11709561369236
-0.04677994359596809,34.07448980844411
-0.04677994359596809,34.07448980844411
-0.04677994359596809,34.07448980844411
-0.04677994359596809,34.07448980844411
-0.047681672759672916,32.96895040544753
-0.04810366123193972,31.920533875331103
-0.048525652930154976,30.834844409577418
-0.048525652930154976,30.834844409577418
-0.04894764785437788,29.709872539471334
-0.04894764785437788,29.709872539471334
-0.04894764785437788,29.709872539471334
-0.04979164738099456,27.333294181824513
-0.04979164738099456,27.333294181824513
-0.04974944918719655,27.47414453392209
-0.049622854966433046,27.893495665236394
-0.049622854966433046,27.893495665236394
-0.040602997229852146,-223.6277033814495
-0.040602997229852146,-223.6277033814495
-0.040602997229852146,-223.6277033814495
-0.04034211101191705,-216.72765684975892
0.08681864132100463,76.12124899437595
0.041783577141508585,91.23836567591853
0.041145590821912506,91.19526294566849
-0.017155428591802628,91.98938739576828
-0.017784820631394704,91.9134652104506
-0.03924168110534885,-25.417120849551655
-0.00625220309349973,-108.41902305908955
-0.00625220309349973,-108.41902305908955
-0.005401471731741581,-109.31418694534614
0.02905651930057467,-130.52998672997333
-0.031831479098550226,44.677755644240584
-0.0318426334523491,44.3720995016864
-0.018465259057223453,1.0239534726302753
0.0034679103011472415,-45.891032010025214
0.0034189098987560864,-46.453413296937185
0.0034189098987560864,-46.453413296937185
0.00332090889823476,-47.594072982945725
-0.00041865313555954173,-65.69186027615963
-0.00041865313555954173,-65.69186027615963
-0.12319530135741959,10.077273166480923
-0.12326016579542823,10.108210109540359
-0.1302620656453205,62.585353988281035
-0.06365674248156888,75.2975234195947
-0.02085523211376339,59.55860319395274
-0.020291079269420954,59.175543530595796
-0.020291079269420954,59.175543530595796
0.009024054559795047,52.82530230778677
0.00860293092820473,52.44854899917439
-0.0413474399043131,83.01846049120338
-0.04096889286838606,82.9605344772555
-0.1235897671086203,90.41495292063378
-0.07801965051617905,90.83169514955387
0.1747716044108313,44.540823233429826
-0.14937024882090635,90.68035220498406
-0.18473258664703676,87.00272574340377
-0.20528489209286543,84.47359381561665
-0.20664892490961428,84.39702014166744
-0.20801298946342967,84.31864750567472
-0.2085067799976611,84.35580405631156
-0.06108368382374322,17.612614382568882
0.09515512506896252,14.538390173526757
-0.03369092675742784,-50.2923712283776
-0.03369092675742784,-50.2923712283776
0.06730187300530395,43.3095859423625
1.1569205690181574,99.23003698210726
-0.09260116221925764,-83.18123655847107
-0.15093689965759363,-21.316107070842037
0.023019244035175652,80.14633131563897
-0.03128252818371521,85.56918029192839
-0.03060142405523869,85.47327944099823
-0.05669805559372246,79.80657987151946
0.09122788811075443,64.80897035887537
0.09894048995604456,41.087853523057184
-0.14992879415744514,35.57504409916288
-0.20034156587538668,37.541905619754566
-0.19964127734181009,37.514061146202124
0.1927937739849987,-61.092833790983036
0.11703352729711904,-148.99970621096568
-0.14457211967688968,-141.97187142347548
-0.14262695412572898,-144.01198197731563
-0.09182449941855919,-155.2332462989649
0.04112854757081262,0.529733656575436
0.040903872547017425,1.6653895052888852
0.6173278071557641,30.80180136651784
-0.6453883886709902,65.68246452177081
-0.6456134717634304,65.57750834235296
-0.6164752927814824,65.00784118567883
0.023298361733780464,68.95759528261681
0.03165126542685513,67.89648706972902
0.06540779773358908,61.967092057219695
-0.004677566470336521,-67.00371256834262
-0.3355124262369489,-204.6168211781063
-0.09124721102267237,45.08477343786128
-0.09124721102267237,45.08477343786128
-0.09459515173424955,45.083633635374646
-0.10760979241669127,25.977645814890238
0.14520873082850247,44.37306037160196
-0.31101306425025566,-81.7476523413737
-0.31101306425025566,-81.7476523413737
-0.31101306425025566,-81.7476523413737
-0.3107032872696775,-81.37350583779238
-0.3107032872696775,-81.37350583779238
-0.3103935108869459,-80.99977533948221
-0.3103935108869459,-80.99977533948221
-0.3103935108869459,-80.99977533948221
-0.310764473227692,-81.81045674886434
-0.3085551805605515,-90.33387574480737
-0.308531991813644,-90.26879518902295
-0.30819192215524693,-90.3277188813339
-0.3075117808919522,-90.44329897273255
-0.3075117808919522,-90.44329897273255
-0.3071717092870064,-90.49994995606271
-0.3071717092870064,-90.49994995606271
-0.30683163703328137,-90.55583792811092
-0.3068869692996594,-90.9210145537054
-0.2820153945456924,-46.6005744231479
-0.2787162619915234,-40.42677126894197
-0.2787125147707397,-39.69534403354783
-0.007690461394979199,11.935763536075632
-0.00889914217784736,12.339520927494382
-0.06560095972557298,16.535816486984885
-0.0500355900272441,1.7763027779772202
-0.04664281422239685,33.759014660970394
-0.046030462771056734,33.75542428884598
-0.3991892253867853,76.2265907006388
-0.3991892253867853,76.2265907006388
-0.4002038018922554,76.35606059046894
-0.42751128654785847,84.3253926627721
-0.42717398720179656,84.30479244394785
-0.26164668180808165,-17.01407118731217
-0.4430054785557645,38.37470377332398
0.04469123960227814,-95.06232730802861
-0.22192207823884688,42.6293929527005
-0.3020538345067802,35.37149990098909
-0.26966586299259365,27.836630563081428
0.06415772846452389,-54.84934120738523
-0.26041788800237387,20.04889853549082
-0.2435831068079993,11.765959038778703
-0.060246695509237363,24.733500307210537
-0.1395910942921555,50.56961236506237
-0.1395910942921555,50.56961236506237
0.08026413645445865,-76.93052354540785
0.017932339899322365,-102.14859326986547
-0.04532267202418113,59.272604360656885
-0.04532267202418113,59.272604360656885
-0.04576839012015948,59.212090163257
-0.04576839012015948,59.212090163257
-0.048721421659646026,59.14232648216103
-0.05119138329364764,59.677385156270255
-0.11574044293048841,58.018824487997236
-0.11536161357522884,57.79260916955029
-0.20529808161605634,12.920073651038374
-0.20653074317203945,12.10459972492586
-0.20653074317203945,12.10459972492586
-0.20653074317203945,12.10459972492586
-0.206311519606729,11.966435593868916
-0.206311519606729,11.966435593868916
-0.206311519606729,11.966435593868916
-0.20609229618243646,11.82838207240869
-0.20609229618243646,11.82838207240869
-0.20609229618243646,11.82838207240869
-0.20609229618243646,11.82838207240869
-0.2058730728990729,11.69043918181953
-0.2058730728990729,11.69043918181953
-0.2058730728990729,11.69043918181953
-0.2056538497567046,11.552606943414697
-0.2056538497567046,11.552606943414697
-0.2054346267552872,11.414885378546485
-0.2054346267552872,11.414885378546485
-0.20651910589861389,11.092053283447074
-0.20694525856788365,10.793938122611477
-0.20868812136006948,10.433459083893963
-0.20868812136006948,10.433459083893963
-0.20868812136006948,10.433459083893963
-0.20977265767922532,10.097568433729188
-0.2108572130580179,9.757193874611918
-0.2108572130580179,9.757193874611918
-0.2108572130580179,9.757193874611918
-0.2115225737749767,9.149385755177606
-0.2115225737749767,9.149385755177606
-0.21218794674591385,8.531088496668959
-0.21218794674591385,8.531088496668959
-0.21285333197112333,7.902039149734433
-0.21285333197112333,7.902039149734433
-0.2840687451155505,-7.51878338312167
-0.2836745929611871,-7.057523428625237
-0.2836745929611871,-7.057523428625237
-0.25855860149147425,7.910966541314577
-0.26066656546967126,6.912454821605567
-0.26172055396997745,6.412797043290206
-0.2608785564289659,6.116057133046376
-0.25919455085042525,5.530554501314502
-0.25919455085042525,5.530554501314502
-0.25835254281283027,5.241821515456244
-0.2575105312763454,4.955787484654764
-0.25727676332403027,4.948233249563107
-0.2565754607427263,4.926334609794809
-0.21448667828258597,-0.5277145505417982
-0.21345159197406677,-0.1559022674299285
0.0803449071001348,-214.27113197439448
0.07968046929245429,-215.08416349581472
-0.004578102022943028,33.27439228186647
-0.0031164926675752587,33.13185755674055
-0.0031164926675752587,33.13185755674055
-0.002220201725088639,33.11935778407069
-0.0013239215475196041,33.10577126441831
-0.0004276521345857312,33.091095742932794
0.00046860651375206134,33.075328795937175
0.0013648543977983077,33.05846782997606
0.0013648543977983077,33.05846782997606
0.002452583348611781,33.34728995633549
0.007768859258198529,34.770834747832915
0.00922148908059829,34.350297591383075
0.009700712729094774,34.17978347592022
0.00962385833453541,35.93026923107132
0.010583798218076479,35.82822999571812
0.009164249906385208,35.255988865963175
0.0014747530768725158,36.79438342611458
-0.018776189316241854,27.3171510707762
-0.021827078485009112,33.71179150260611
0.03995765117500802,69.82876645422246
0.04220047916026319,70.33808052073636
0.5906169100104066,96.93278466344553
0.2934446797917243,92.65250493460093
0.2934446797917243,92.65250493460093
0.2892101334187799,92.5128717521089
0.2892101334187799,92.5128717521089
0.28497534982478784,92.37287943848395
0.27657509365767535,92.1033613579489
0.27657509365767535,92.1033613579489
0.18452029779359372,86.2781699658096
0.18452029779359372,86.2781699658096
0.18452029779359372,86.2781699658096
0.18452029779359372,86.2781699658096
0.18347674739687822,86.2657976590981
0.18243318251214435,86.25343916934176
0.18243318251214435,86.25343916934176
0.18243318251214435,86.25343916934176
0.177853249142234,86.20016155962126
0.17495485168222455,86.16755291763766
0.17205632902799897,86.13489116651854
0.17205632902799897,86.13489116651854
0.17058527193320322,86.12753040493658
0.16911417755894187,86.12013598609809
0.16764304590377574,86.11270782631159
0.16764304590377574,86.11270782631159
0.16617187696624355,86.10524584126102
0.010421451791467985,73.36113421947591
0.010421451791467985,73.36113421947591
-0.000863375987048436,72.15234414423013
-0.006506713853433825,71.50253905982302
-0.006506713853433825,71.50253905982302
-0.02593437352262077,66.2570935282994
-0.05351194461517961,50.67588323824441
-0.0673058125206153,35.669212618907046
-0.1303969271951466,-155.89203661718943
-0.13141219634317655,-155.99642873515882
-0.13676726614645898,-158.63495160785487
-0.16409587148987093,-176.4583840291704
-0.17759036946485404,-180.06693882995359
-0.18046703649342608,-180.3486662551798
-0.18622053611921224,-180.8933614376459
-0.18930772934768128,-182.63661966140532
-0.18930772934768128,-182.63661966140532
-0.19548241150585546,-186.20072260209596
-0.1998822299018739,-189.9296657763053
-0.20453517051135978,-190.27888482159193
-0.20453517051135978,-190.27888482159193
-0.2131685046023218,-191.43654898612223
-0.2131685046023218,-191.43654898612223
-0.2206617246360941,-187.8110683638676
-0.7945865447917076,-1650.5543242308977
-0.7945865447917076,-1650.5543242308977
-0.7938899235339285,-1650.1330096342897
-0.7503397017126437,-1803.2279111707019
-0.7189117489689182,-1947.1927356910617
-0.7198694024604708,-1961.2302780562584
-0.060305725133784696,-58.39979627762685
-0.0588397317078371,-56.97688444829855
0.0635790385548651,34.63997779709107
-0.3843839638839143,33.24142137150663
-0.38955648895363354,33.71040342007829
-0.39079117562131555,33.82496096923616
-0.42484681687968645,36.32777835619947
-0.03385594766973872,51.06883621949244
0.9179887719198433,1.744827991628784
-0.40758482147751396,-21.273131273139693
-0.34561988898506796,92.05104376283269
0.13936639306238682,-31.581183508333023
-0.4777934304058605,-37.30100454637
-0.47546295228167634,-37.65490326922822
-0.014510634469034236,-51.5531262382513
0.34788213105480637,62.35979925500191
0.1951162610109557,62.43679438354249
0.04494082192170885,-236.54164218087357
-0.8346053484317847,-521.4922909222302
-0.3928810431398357,42.33987756222967
-0.40107637653286465,46.0400616988074
-0.4037574523118706,47.22455772840853
-0.4064386834090428,48.346992534782196
-0.26821706086983244,15.272804427079215
-0.26485122885944623,14.594061769300165
-0.38844790467425033,78.66852824148937
0.28548022244164484,47.46470753793524
1.4218120551940552,93.41995261970783
0.24392308083076777,60.86456903622094
0.7523226321275893,-163.82680916898974
-0.2842550589250569,87.10863346599194
-0.37566674900859903,-124.80897654614293
-0.8394325451239915,38.359987193817844
0.110106029124463,40.993209100953756
0.27168137168897344,-8.65266923964266
-0.7293978675920904,56.52246743998973
-0.728474763852057,56.65539934447123
-0.7266285849236332,56.91938303428399
-0.7277776262303837,56.78370652231972
-0.7274194822111627,56.91198159400764
-0.7742287979346607,85.94726082105313
-0.7713239176495212,84.98886185042677
-0.7645069844471014,37.74996145236978
-0.1709060461133613,-19.36814135395873
0.23579403038506003,-558.3217679693669
-0.14506743856695287,73.92935910037916
-0.14387952825845876,73.50912817436671
-0.14031568957852666,72.25298042990467
-0.1667056199312412,59.682490868692796
-0.0643296962814743,-88.4308027085862
-0.11613419018584688,-22.15097563458142
-1.2691486284135436,38.42138724877444
0.5513482197745655,-108.24197976869686
-0.27664732954242294,75.11494140861691
-0.1887613521781599,-284.54739924462336
-0.4862357777518209,73.38474749313443
-0.23095759019613926,29.671650184987758
-0.527549656027754,-44.80671996921043
-0.030461386241807317,-1141.1541552549
-0.590230781245764,71.9103784837928
-0.12267790764060166,2.0124703242850446
-0.1231279768717104,1.3413443776053158
0.19648899344714585,28.838880490506497
-0.9951724248674495,-18.642197154961384
0.3261690037018163,-6.762862027008533
-1.6294323173250838,93.77576315321615
-0.5512933899643447,35.73823058173793
-0.10384071682101843,28.822096763645575
0.360755242861865,24.30812517710454
-0.9199401041167855,-226.9788636178762
-0.2963590427335479,9.79188145168532
-0.36275130266959127,31.72761322836158
0.031462209688663284,-5.367514609938721
0.43935795382297005,58.66400720482387
0.19026919521725952,77.94443634215907
0.11547497020809008,34.344288443043546
0.11711913763975844,33.69097878792596
0.8591199615562539,-66.45061801389612
-0.6535414958011481,57.95909298560636
0.40128750602541696,48.867236917688366
0.6871338583791503,-557.6989470132909
-0.9760084688893129,-36.29372586751386
-0.7066987836060833,-13.10353187990739
-0.7281467496152452,34.266040021120595
0.07201513257917687,34.424810623114475
0.11900726007200235,62.056048588204895
-0.7414757326298298,-33.32255832115951
-1.02582148867469,79.74936171553216
-1.1374628626042487,67.44583218383784
0.9216017846547664,-14.44496289283736
0.8709360730263684,13.024917173799826
-2.336558211712618,83.81175947312276
1.1980843057189223,-310.95081124430135
0.21189547079226,13.764757933680594
0.604403548819603,-58.58148191342211
0.6511022199204598,-35.32392685722963
-0.019559724862270124,27.115094276327483
-0.25515333452180117,30.227847391320584
-0.27876686002312634,30.59761674925665
-0.3204790619419432,31.063255280384965
-1.2819641808530524,73.44460172394825
-0.027681362392277212,2.1765846918430087
0.01088852701237945,24.834656299559953
0.5076046458833351,13.673884858836526
0.5596303736881356,11.597420975125159
-0.6335105872469329,39.18607117573607
-0.31156299392810577,-3.8841276244590475
-0.22769701492743513,-1876.0655354937467
-0.14299506464723685,-16.68971129109241
-0.18003555764023885,64.03772234072892
-0.6330138587667128,88.21643696427839
-0.723936393288708,73.38367600955382
0.014258361994811689,82.03166381495794
0.4759623727225593,-568.0988033675168
-0.3541730355844631,4.995434570925718
0.07513458798746096,47.83411032609257
0.36821937694499546,-28.268578388329175
-0.7217123092236954,51.033397493686024
-0.16764882303734596,67.02522937961096
0.38080903966901025,-32.53563278201991
0.28821022634631666,50.91560390480328
1.2512919884915148,-101.75344506468743
0.9980580668347221,-66.9640307604966
0.2400117360562139,-133.95363881174208
0.035768759859657606,-190.9114339309458
-0.034841642226265374,71.2856492004152
0.05961687611382902,2.1281140967644157
0.25218299778939046,-119.38993127873565
-0.5515070086011765,-21.436105541554284
-0.14629837139435412,-207.17109099083527
-0.030598718666943275,59.30946219867946
-0.34136628541527825,91.18856258240903
-0.7153356086925559,88.37075300394885
0.24588179909180724,26.380010510436502
0.17830333004516377,13.054795485192633
-0.08273728311386519,0.5168545056353611
-0.12963126147297727,-24.540976010417808
-0.28050510687028385,35.74985565335846
0.2372827783041268,22.237452705313874
0.07745631354152135,47.932967081871446
0.07583525994649891,48.57555551882698
0.07506499924373654,48.790922207086886
0.007004383547219813,49.97369866851558
-0.06953639590411734,95.16672309142082
-0.5106905487324316,21.08514046077687
-0.32993362985978053,-8.456413194071063
-0.3339831205881725,-9.216823151669796
-0.021600559160979187,-203.70053564087272
0.2599250555945211,67.72557593012036
0.033224822348860795,-332.78117530419195
-0.03655112991700841,-11.359090906909726
0.36774786064105214,-861.5413871055363
0.1438266304078908,47.137906318541155
0.18136618995636072,64.34269198673137
0.3030629885592407,62.2365195879423
-0.34103885279632734,42.204840816751435
0.11790218590140374,28.514667844620888
-0.18127659290752784,-16.000496157946177
-0.9290513108461227,-155.17427813504014
-0.3380671102683125,-185.70346899380516
0.2710838545039713,37.517300121445125
0.023716142904802794,-19.35263957688158
0.4303057357934329,39.5632116295136
0.5822041467744119,69.20973266722812
0.08233605937491408,-23.09704063363418
1.184959731146663,19.13075318498041
1.7188706677890586,35.6881691814097
1.707890104773305,37.66314633879117
1.174470455955945,51.99111776818492
0.8153202843305113,62.13124549160831
-0.7872591117951985,43.44614291734087
1.3021170868715655,28.38149939526083
2.196598420562794,89.12457833331479
2.1866967239134927,89.17846433229609
2.1668902612055354,89.28800108731181
2.0952357940990147,89.85462811767387
2.0878050506067893,89.95451687749564
2.0803737089638,90.05404911467085
1.8052976558326852,91.30115174974904
1.7890808301070815,91.29545517689125
1.7067882885523527,91.3076007777436
1.6996742747611364,91.34488501388255
0.5505438542353689,87.94618647833727
0.5341787521258963,87.82017766305894
0.4287776991979089,87.09044999257397
0.38330837064185946,86.69240092640183
0.3690425817459271,86.62833294799336
0.35477359868609576,86.56314197077091
0.3405014203895096,86.49679538855945
0.32622604578274794,86.42925935861906
-0.17257734948582362,87.57743900708076
-0.18324432336195817,87.76033166570527
-0.1939123913914227,87.94435862262172
-0.9662711163190533,74.92106611353897
-1.1661928965413626,69.04804774984734
-2.3731209655387495,-1090.3386448878061
1.1494948978715656,84.55259094369676
-1.7908900893482085,-7.001831582017269
-2.801016598131328,-39.84552794294983
0.9436892100179542,93.82256215462166
1.0237514368190284,92.18902772816031
1.8069737004098325,27.411558498102252
4.574097883562798,85.2653843600445
4.578773198626891,85.4479935205702
4.58438748066771,85.62634101638378
4.6012310832852465,86.16478130906526
4.628776649172018,86.54746734290511
4.630314903333907,86.5675496395167
4.6318531510371885,86.5876598374075
4.634397490167691,86.64656041017096
4.634727649193799,86.67435608390329
4.648500328000991,86.77836470771415
4.649898958639498,86.76086110288287
4.652673484913831,86.67098181363824
4.652381900278983,86.64767153395113
4.652090326253647,86.62437892807225
4.659337009359237,86.52597501306725
4.660881522912994,86.51639056706968
4.661504156781324,86.5071300631502
4.6621267608376495,86.49787865545538
4.662749335084136,86.4886363499139
4.66337187952294,86.47940315252536
4.663173357774671,86.47995416630903
4.6651659686389655,86.47463662479478
4.667158519014169,86.4693143401716
4.671143438308141,86.45865549580121
4.673176860372019,86.4537184338469
4.674820518812737,86.45014552929142
4.676464142561072,86.44657410914641
4.679751285985026,86.43943572072584
4.69065213848703,86.38806125468761
4.695197943504921,86.36535565089616
4.699743519550931,86.34267367944449
4.571322144101444,85.72800150511873
4.56882681497646,85.72251726096461
4.566331542215271,85.71721532395672
4.561888782640576,85.71710945032306
4.5584625167250685,85.72334832405495
4.555036207986639,85.72970316409095
4.513536932597329,84.76233143393588
1.5367267703227112,71.22936998856765
1.4860968532045777,70.72128592437211
1.4606709639446573,70.30625773409034
1.4354970530643403,69.88642711972797
1.4103134285802843,69.45146658347348
1.3851200848693106,69.00052511449579
0.9434265399521283,47.51195327392221
0.86027935790274,42.17237922686572
0.839594373790924,40.652583097776855
0.8184280670657813,38.73317130511145
0.8018410123662426,36.733571942585975
0.7852481269708653,34.59184108155335
0.7686494078046496,32.29230783307992
0.7520448517905602,29.816909329101005
0.510397300535061,-2.6035497471376687
0.5055804725035377,-3.2894908073274767
0.5031717738310648,-3.6359994235038133
0.5009793230209222,-4.0180554621181415
0.49647550183366973,-4.249246797902071
0.49197124684084176,-4.483013039483469
0.48746655797978056,-4.719381329634664
0.47425447107555024,-5.898665369613257
0.4614901019138896,-6.87381997506849
0.4487234889708291,-7.871527637650113
0.43595463165464027,-8.892580479361177
0.4231835293735565,-9.937808151494393
0.41025577338492347,-11.206320486212237
0.40020932635192524,-12.442711631127965
0.39016100307360196,-13.71484490388523
0.3801108030243013,-15.024226020935094
0.3527975418154794,-19.576509469617996
0.3441839939745863,-21.261510071005603
0.33556880776817205,-23.003038903909633
0.28883871599088196,-29.75082650590816
0.27878296856154094,-31.034078633743096
0.2697323453548727,-32.404680621476984
0.2652164498217093,-34.17777565651691
0.2561824432889754,-37.87424109186098
0.251664331927078,-39.802001291896
0.2052222296640447,-55.33944543720736
0.19604579210552153,-57.066364418259376
0.17768759428517755,-60.68259038978561
0.16850583299412983,-62.57669006629409
0.15982249571482215,-63.71354882390846
0.14248470490662798,-65.91050967821626
0.13381354256516906,-67.0511846231313
0.12514086840509794,-68.22112862839565
0.08871592871513284,-73.07762777008831
0.06198192238652069,-76.66956643204716
0.04624105490470267,-79.21604298429227
0.030096384734297345,-81.86790569980812
0.013948364837356678,-84.6188499011421
-0.0022030058287602146,-87.47450829339745
-0.018357728307105588,-90.44094913863874
-0.032175873577411473,-92.01126795956898
-0.07645786073363414,-98.32134778320258
-0.09122327357147775,-100.52298918534375
-0.11327124199362075,-102.22440130322418
-0.19748016808616853,-109.86522552732343
-0.21090334713363004,-111.34026284937808
-0.2243285301067669,-112.85108360301473
-0.2814088873142102,-121.99240269637752
-0.3144629467016423,-129.29928578099143
-0.33099397683320597,-133.11965277056143
-0.34609083918735756,-137.6191104561433
-0.36096777889081066,-142.21074307162732
-0.37584717314304666,-146.96598983689842
-0.40561332772434106,-157.00565532527455
-0.4201626138597343,-160.8695786741603
-0.43648027964084807,-165.69938722834522
-0.45280031830925843,-170.65703805367312
-0.4691227303824663,-175.74857579657163
-0.541797946730232,-227.36928299421334
-0.5815505913023788,-269.86082785776887
-0.6959187785340227,-395.71201473100905
-0.725984833660479,-422.49858761236163
-0.8161900280491812,-501.67442126138957
-0.8476961805315333,-527.9905748952178
-0.8763808094880912,-547.9793961222174
-0.9050671736577375,-567.844253187069
-0.9337552731978865,-587.5862769896617
-0.9624451082659486,-607.2065845270256
-0.9896825701821013,-626.1609418809625
-1.0147123549789032,-641.014741460365
-1.0397422524483204,-655.7541948951465
-1.0647722625911795,-670.3794152432768
-1.0898023854082404,-684.8905153595834
-1.1601548490663685,-721.4153134455117
-1.1828322326477676,-732.4118934487519
-1.2055098018844805,-743.3150326884013
-1.2291677115517659,-753.5962670433784
-1.250740237370939,-763.560900406514
-1.272312520757379,-773.4444716545534
-1.3382583906469185,-802.8426260315662
-1.3616316758785714,-813.7386830355338
-1.4083789871495,-835.2836397054486
-1.431753013196602,-845.932435227738
-1.4492151975166172,-859.9037328911917
-1.4683463162262371,-876.3835582611051
-1.487476458879654,-892.8773307881427
-1.568981571098285,-969.8055016245326
-1.5934254046294831,-997.4899961114731
-1.6178679268305838,-1025.1711692567712
-1.6423091378070849,-1052.8500419256366
-1.6704852403558075,-1079.2425270122058
-1.695024122000797,-1098.1411759587622
-1.719563500328591,-1116.9821796253989
-1.7686437470928709,-1154.4909806556616
-2.6086336988979513,-1648.3463642816484
-2.6693009443945623,-1636.984793473302
-2.7038659365679893,-1622.5855356932968
-2.7194484641581957,-1614.2022980074603
-2.735032724449347,-1605.979031461478
-2.8425493403893896,-1538.9325600220027
-2.8588181661233385,-1531.854725653724
-2.8750496856382126,-1527.206605002282
-2.8912829277713454,-1522.6478001038909
-2.9817238452072665,-1485.0640380204527
-2.995852633789478,-1478.1162847026412
-3.012367639850538,-1469.6783054215675
-3.7416009277493028,-1127.3701174785479
-3.7359482889405506,-1129.1924330450845
-3.7323770584798424,-1128.7553435853395
-3.7288055892812393,-1128.3342944656436
-3.7252338813208232,-1127.929212250301
-3.7216619345745645,-1127.5400256434452
-3.7178123268396637,-1127.4760647600363
-3.7125439574942813,-1125.1092571215868
-3.7072750709544846,-1122.7920984519233
-3.70200566714409,-1120.523755915026
-3.696735745987006,-1118.303420780052
-3.6911298862009843,-1115.514646354965
-3.685287404681248,-1114.6769982107828
-3.6794444767199455,-1113.8566031492635
-3.673601102265968,-1113.0532902301554
-3.6677572812680483,-1112.2668924676493
-3.644187884359798,-1124.9636909567143
-3.6323337757281715,-1131.9738787983376
-3.6204800990633625,-1139.0405835157464
-3.6086268543417157,-1146.164733609833
-3.6005625352260457,-1147.370440443878
-3.5948423514651475,-1145.0447715975586
-3.5891220275666256,-1142.7261681767616
-3.5834015635253733,-1140.4145570526978
-3.5776809593362415,-1138.10986596554
-3.5707300589679596,-1138.4728360257911
-3.541688932538907,-1140.3847503733864
-3.524855549758287,-1139.0710041008147
-3.51573097763996,-1142.5038109092452
-3.4974820822041357,-1149.3454376989703
-3.4531343920103206,-1181.6628039500931
-3.445073353645276,-1188.7801861613598
-3.4367528177686437,-1197.3719688948547
-3.414703192546314,-1212.2832825042672
-3.392658281902873,-1227.749632245847
-3.376329840126171,-1233.5440166331218
-3.383562970277439,-1212.2313097154845
-3.3794849977422303,-1212.2483378133031
-3.376932808408499,-1212.6045986661231
-3.3734155517385296,-1211.3371978237483
-3.3698984715165152,-1210.087043026877
-3.366381567729266,-1208.8540328406582
-3.3628648403634616,-1207.63806742891
-3.362079311600624,-1205.517641027374
-3.3621127071031176,-1205.5333737302371
-3.362146101822604,-1205.5519817112017
-3.3621794957590887,-1205.5734691584344
-3.362130193838739,-1205.7953715877718
-3.3658703373574275,-1204.5359377207217
-3.3562964878864356,-1114.152185941402
-3.3511876175388573,-1109.1741850544179
-3.3195662710224934,-1026.4137752346119
-3.3206530525663145,-1025.391251185355
-3.32119642773279,-1024.8819086137678
-3.3215712027022586,-1024.2192951161169
-3.3215288755127754,-1023.2384252546234
-3.3170053720228974,-1022.7314958328934
-3.3249822972727725,-1035.9037881931854
-3.3342067511874003,-1044.8546533319056
-3.3345276093713516,-1045.0436209589873
-3.335669726439054,-1045.510107629942
-3.3366204075503614,-1045.593374990798
-3.3468178623077596,-1047.335458107431
-3.352086811104882,-1053.686200668864
-3.3434124816194113,-1076.0945148234916
-3.342331162009887,-1078.9994920428273
-3.342341823145255,-1081.0252240405555
-3.3422809276366885,-1082.8280991762917
-3.342220030700961,-1084.6374520525594
-3.3421591323379976,-1086.453316948194
-3.3420982325477055,-1088.2757283860496
-3.340644380634896,-1090.4830398932952
-3.339105043377165,-1092.9859363026703
-3.337565660471453,-1095.4980106641208
-3.336026231915754,-1098.0193255374506
-3.334486757708037,-1100.549944005353
-3.334208088718288,-1102.6178826323307
-3.3286955057088043,-1108.0219064938956
-3.323182789088292,-1113.4335413248682
-3.3176699388518722,-1118.8528520932791
-3.312156954994773,-1124.2799041730284
-3.305801278512498,-1129.996750979327
-3.301565263949062,-1134.1298823972052
-3.2973291363270056,-1138.2715942560908
-3.293092895641825,-1142.4219547809143
-3.2888565418889937,-1146.5810326862127
-3.2848830482483398,-1150.509867803105
-3.279796401538757,-1155.2325410047386
-3.225820689747956,-1201.9167793911404
-3.1584851360002073,-1258.1988643820866
-3.165892614325371,-1320.1152194577835
-3.167801169554042,-1325.1220083447045
-3.156421700226452,-1355.0226932324197
-3.1512809533247594,-1338.4143428211266
-3.1456476235770365,-1326.3455029160982
-3.1428311435162586,-1320.4083145562327
-3.1330787795696082,-1309.6771823949878
-3.127163979357017,-1308.1779642913884
-3.0997208220145804,-1295.9519890082317
-3.080542689569731,-1284.6330232039736
-3.0569426265841595,-1277.8549461079697
-3.0518343243591097,-1276.386678884445
-3.051357367342125,-1273.5605205350075
-3.049756286836489,-1265.5499097755721
-3.0481552931229525,-1257.6399270295162
-3.046554386194458,-1249.8287073082772
-3.0410511605537702,-1235.1986568578975
-3.0330031819267065,-1227.6958672128383
-3.0201429783001106,-1220.5202583807495
-3.0146208489957504,-1217.4846045852528
-3.0090991572673973,-1214.4981836236047
-2.998061320064277,-1209.081430870895
-2.99267306517882,-1207.3530939923644
-2.9583208956246088,-1202.0811152986741
-2.94007921342865,-1202.664368478042
-2.9214336570456925,-1203.5832149303192
-2.9133913527664723,-1204.490221816403
-2.905349616257099,-1205.418699397213
-2.889267846307327,-1207.3402066776453
-2.844456426446228,-1213.197426168399
-2.818079611533994,-1218.3815348377898
-2.8151494589611854,-1219.4687120411795
-2.8116539144073496,-1220.9776687669623
-2.5383220893646636,-1063.3526463990959
-2.5140275574278914,-1043.2246408789342
-2.489732689499709,-1023.0353795381699
-2.4654374855731898,-1002.7849688881494
-2.4411419456412102,-982.4735148252261
-2.41967661139161,-967.0675548359008
-2.3987199972464532,-951.3191165161066
-2.3777630688023006,-935.52982400416
-2.356805826052082,-919.6997525421293
-2.3358482689887707,-903.8289768807365
-2.3171050561266626,-891.1160484733291
-2.1005889571595446,-746.7214722954927
-2.0859852360792357,-736.8512971053975
-2.0708094240628694,-726.1256108735712
-2.0557269015916018,-715.3026654153268
-1.9937123266050603,-669.7537213397555
-1.9770598891677589,-656.5034835537285
-1.9604064661432152,-643.2476955626887
-1.9437520574439278,-629.9858737748327
-1.9047780872469433,-593.7835325852491
-1.8825465450718952,-570.8557157590415
-1.8603135422913173,-547.8936626851057
-1.8380790787612646,-524.896404812356
-1.8158431543377052,-501.86297447229623
-1.7590202221105684,-451.88743106020615
-1.7398998432921777,-435.2046363983815
-1.7011488309797484,-401.2187516757857
-1.6064755113508324,-321.7697155057754
-1.5909030433231732,-311.7535045511945
-1.575330163463702,-301.71745378799915
-1.559756871756103,-291.6615474940878
-1.5279859146241945,-269.7194322082844
-1.5122385075026656,-257.81466592529296
-1.4964904516316646,-245.88844278537877
-1.4649923934809013,-221.9709953556316
-1.4569141405972013,-217.05320129133008
-1.4487634414807997,-212.08172383015932
-1.4406120760757388,-207.0842134852834
-1.4324600443002502,-202.06021803823506
-1.4243073460727047,-197.00927926125317
-1.415559864945317,-191.62478946854492
-1.4066834682649387,-186.35477734167887
-1.3978065228406495,-181.05870384792092
-1.3889290286216054,-175.73628164365593
-1.3800509855568261,-170.38722018431577
-1.3593316216846325,-162.03499799723363
-1.3489199563003889,-157.7724545438634
-1.3385081947800832,-153.49736929890432
-1.3168007119514107,-144.03846641221173
-1.3052240430564142,-138.8790768132609
-1.2936472523165317,-133.70441458943262
-1.2704933052943246,-123.3093469628497
-1.267156754182908,-122.69867154854404
-1.2637099074373084,-122.13369404559758
-1.2602630237801478,-121.5670637216963
-1.2568161032107676,-120.99878218437125
-1.2533691457286404,-120.4288510341254
-1.2486547481683647,-120.09580705363521
-1.2430516392755637,-119.83645462250551
-1.2374486109026976,-119.57340104975785
-1.2318456630480086,-119.30663571078234
-1.226242795709891,-119.03614792603261
-1.2161226413642827,-117.61665938293235
-1.2066943915105088,-115.88522190860124
-1.1972662410906907,-114.13874291227428
-1.1878381901032553,-112.37717131617684
-1.1784102385466724,-110.60045578420024
-1.1683610216648248,-108.52159643014272
-1.1476548065633432,-104.52208063000987
-1.1373019777982551,-102.49253331309606
-1.126949334883639,-100.44297438533403
-1.1066072587538025,-95.45029127630588
-1.0965850991110917,-92.89856076739443
-1.0865630204301824,-90.3294690803947
-1.0679861075947223,-85.91219695859883
-1.0579811367197687,-84.29050332281267
-1.0479762334603198,-82.65317260343787
-1.027966629785149,-79.3314796866011
-0.9575427230187626,-105.0043004748137
-0.8807938616662313,-79.70761779876057
-0.8737675896863494,-77.94181682387635
-0.8674617598263932,-75.92815430655135
-0.8611557039431761,-73.91221369454051
-0.848542914058369,-69.87340603255365
-0.8404999684349145,-68.32484089009259
-0.8366202639819673,-67.5188951496683
-0.8327404470751606,-66.71133289718992
-0.8251040385065097,-65.00224698740867
-0.8215843360220498,-63.95795813952798
-0.8110242981523306,-60.838014958324536
-0.8064740545557306,-58.966154862256325
-0.8016072855235276,-57.21362785972885
-0.7967402599404502,-55.46154355350033
-0.791872977786234,-53.70982537746283
-0.7870054390406114,-51.958397625518295
-0.7822243171010884,-49.81210056460156
-0.7775964027992275,-47.640244645589156
-0.7729681669241312,-45.46611658084414
-0.7683396094423454,-43.2895719779857
-0.7587705346676269,-38.76347705325424
-0.7539045388704769,-36.39498985316744
-0.744171548974834,-31.651642323378105
-0.7393045548081122,-29.276478524876843
-0.7337810554132036,-27.453254098902175
-0.7281592625061989,-25.654992606376254
-0.7225372796761582,-23.854926132847755
-0.7169151069135005,-22.05303668466766
-0.7112927442086007,-20.24930636523313
-0.7054857133837639,-18.71897975098451
-0.6997270949038439,-17.148036007493115
-0.6822221356701592,-12.072421161631562
-0.6823542926029165,-11.446020591563263
-0.6803432209333633,-11.277670429445998
-0.6743999938711249,-10.717166837878718
-0.6724188344338063,-10.528987704278823
-0.6718992419600316,-10.647472054175697
-0.6712904748386183,-10.7954831844305
-0.6706817123393413,-10.943816399746977
-0.6700729544620837,-11.092472806441284
-0.669464201206836,-11.241453515875541
-0.6690708715910743,-11.25182026557807
-0.6690052160447796,-11.20965425467023
-0.6689395600465993,-11.167549141572207
-0.6688739035965505,-11.12550475117827
-0.6688082466946502,-11.083520909027005
-0.6704431236310885,-10.71204833376173
-0.672021253212069,-10.47364373816503
-0.6751776076042931,-10.00021275328776
-0.6744365898229562,-9.970906196469866
-0.6732547153018066,-10.099840690882832
-0.6720728560438742,-10.229180959738079
-0.6697091833164563,-10.489087092235563
-0.6734930052249118,-10.342708143048855
-0.6985526005864388,-7.341860249214544
-0.7033107415521003,-6.716688876200773
-0.7167194970476916,-3.7256085337136415
-0.7263529573557232,0.9695992545720242
-0.7223829268822158,3.602008051903989
-0.7187993404442877,5.287683489733032
-0.7189263349847391,8.254695005834375
-0.7177251993993606,10.05392278868769
-0.6573914820483675,19.656255207253047
-0.6569264414936047,19.3412412720228
-0.6564613535263073,19.028138774321253
-0.7017882688234308,-3.5288621011549552
-0.7866208527115506,-24.175228921310932
-0.8380823977414785,-18.105613992818657
-0.9491492564316395,-15.15361274203817
-0.9540627846224049,-14.977799799444663
-1.0061892786001276,-13.283717613846255
-1.238604849882825,-98.04472300099532
-1.356340396754062,-195.49370482993774
-1.5891266544390752,-1029.5441160269397
-1.5915832224116269,-1050.9775242583517
-1.5918582179334548,-1056.6731691360176
-1.5924867112480225,-1062.258995742384
-1.5937437582530487,-1073.7713295375231
-1.594372311945462,-1079.7032408056157
-1.801369728212068,-6763.38247385843
-1.6049817419270678,-4912.271972470864
-0.45346022504540234,-363.05125220499457
-0.37721774349984966,-15.971384047164857
-0.3664709629634672,-46.76373246885828
-0.28986759796723,-0.7832186273058663
-0.3064087070926287,58.439272380363306
-0.38400135524974727,56.48321022090121
-0.3817465730495062,57.325373760782774
-0.379491888500879,58.129981889849994
-0.28782965617169637,75.10144255414095
-0.11858355306381867,50.714833892997326
-0.3799350919597323,51.38856081776301
-0.4872432029841796,39.970158026866976
-0.4915728773214938,38.34677096479163
-0.6340129340904069,-25.484698278296015
-0.6352824811941702,-26.247633380368857
-0.771059912036726,-139.07332232080364
-0.7707789159857896,-198.84890327175248
-0.7710116966392904,-198.48638453767643
-0.7722315811326554,-197.03262515104396
-0.7728691179686403,-196.4734990989946
-0.7741442048042508,-195.3583857940556
-0.7755817201101624,-196.2188237213085
-0.7826984273754883,-204.5122196047048
-0.7841194616060941,-206.6841446389845
-0.7855405246058588,-208.90698491600696
-0.8131130005768509,-243.4564759708636
-0.8127136525824675,-243.67489552251246
-0.8364877093826856,-199.50084633870424
-0.7791263860040327,-274.60561080577014
-0.7772177620139231,-274.4438105344023
-0.19860311744838016,-436.57399734422773
-0.09309901643115999,-558.7875581865653
-0.035390752419756824,-527.1178044054593
-0.03343483062608045,-526.7183255621303
-0.03245688200377968,-526.5303990355571
-0.13651473453103052,-22.97265396518823
-0.2248681872631511,60.78845177220678
-0.16435671188265796,30.33097422901899
0.06341069501892073,-29.945584999828366
0.06491148236883762,-29.477908662234608
0.24638228993086245,-151.81810850603708
-0.08190889873925515,-172.00714799490427
0.07204725902473247,-39.001027563275265
-0.04680547423379987,-73.58113193961753
-0.057055684579803825,-218.54452343963305
0.42002080918464707,88.16757167117278
0.6025957427053305,55.948066690096255
-0.47351935208991847,-1046.0054012850508
0.03313623000843934,66.68274032860892
-0.019972787151200266,18.63914954028832
-0.050308846092953156,-72.08140837466884
-0.18261283755044724,42.21631057274679
0.09135247906281035,15.857828877263255
-0.008644563993779001,7.138884521765802
-0.06390112263126457,-66.6898154560963
-0.41950811637038443,-10.086016027862293
-0.42846447225784945,-33.91072264796179
-0.47970462495835325,-132.79397407436716
-0.17602062206310667,-249.62002903738636
-0.17523317559728396,-250.18921609526163
-0.13164545551029053,-268.6625474896172
-0.13139260516369627,-269.38148381952715
-0.001230904696293038,-105.32673717124142
-0.06062982697848838,-42.80018869712529
-0.07284802826231772,23.99564628939387
-0.09152181761688931,43.79944601584152
-0.09108550195289333,44.44360350193154
-0.07817943865971921,6.923063767033762
-0.06245086274157284,-29.786117057520666
-0.05636948509253147,-421.97119081839577
-0.04360557690948864,44.47474887242031
-0.04229310791849648,35.40120893162033
-0.10930541436609574,33.19160655418995
0.062828168262069,-412.9793520510696
0.07307925718335305,87.9250763527839
0.24821572521259647,93.06309922507486
0.042355086902491575,56.26308518053488
0.009306874901733857,77.65923210592723
0.07751250121900287,71.2618501701332
0.07107339813470258,49.377229814040625
0.05249544961148225,56.2220331068452
0.04906719139344493,18.236377085523927
0.25504375277173835,68.33928383874152
0.4439128572560413,64.86782522199978
-0.44155830913898975,-485.4730885255381
0.19092169083438204,80.3159993961121
0.1667178927986254,-26.23480826315471
-0.07202735046248504,-81.06274438088592
-0.00888688385927497,-22.441575680209606
0.08816807519408795,-128.7596590499674
0.041339457177021706,-230.4573244510765
-0.03416344950927314,-321.8304815394405
-0.06455457138726149,-194.3951809605884
0.061636214376739065,-70.60577073549949
0.10967164868585819,-49.562729481706654
0.056664052709547975,-68.4616787961324
0.045141386477266746,-43.24668158724163
0.007503288609121618,8.979666479738434
-0.02715474220861736,31.652860639070873
-0.02707051969176709,31.868255674567724
0.20020715936604735,63.444339423249694
0.34344602655058887,17.273349768798663
0.2098701734341111,-170.41619134833488
0.1437433338873083,-144.3387067087936
-0.04939298021131325,60.722664664807645
-0.16355890257825392,76.18554827162576
-0.08320161854269723,-29.83358071165049
-0.02903309846172108,-121.31007637336127
0.01609037525923517,-151.67900345317952
-0.06683030998212741,25.821602711698443
0.5540905595417127,93.83264774828287
0.5618520059255406,93.76497958647177
-0.03969072236760604,41.155007065622044
-0.004843066893167809,92.40181824300704
-0.04393983145203438,91.55912090725322
-0.019308519345219835,88.45666555852158
-0.1092482415565425,-1204.2762808748132
-0.11433639294075715,-247.63622404200564
-0.024612772588792887,-686.049829317545
-0.009081201491826427,-625.6694149740359
0.0030582651813441716,-522.7660224218963
-0.07579567089952151,13.233055070343644
-0.05792075111909867,-32.630056513561634
0.074476598620846,79.64095873626232
0.09410209631626128,-301.6448192425238
0.09378749894986761,-300.71420365644974
0.0507197263397269,-27.7018653194796
0.06633754837757315,70.42190726172423
-0.04293948442484292,90.16618265119803
0.11912797931753544,94.11751975115928
-0.32828664472888663,-9966.442195794885
-0.08087878139909045,4.395688131576357
-0.06010036588110938,6.668641880632574
0.1836028865489545,86.81722406967349
-0.00418165570017403,-164.3353049710649
-0.3242286422743468,-81.979183926283
-0.1894430355497529,-110.55204392330049
-0.06695869577826598,44.22135332527052
-0.10984803197150855,65.9909380374097
-0.24851126919419952,83.40270879770846
0.07432484768659618,-250.1979800778222
-0.36842479760471625,-234.5692794794242
-0.025231071452669708,0.08762453480915931
-0.13627786914925594,-27.43625652581561
-0.010345931633948905,-4.415262789646435
-0.022925165504828034,61.802615491009405
0.10579311868266607,-132.12859894499402
0.10402313886939642,-188.02303266026883
0.004127142931350025,0.7852041124841946
-0.05968994802495229,-18.653798853151685
-0.026358905512505224,26.182909469908715
0.10056023384764229,-265.4390801303139
0.045742974376671706,-62.47500544534884
0.09827484987763291,45.95730597266778
0.00787688429843516,49.089729019237296
-0.008554630660553734,43.941158455063736
-0.09963378053484179,-22.90033280017035
0.009999130709704169,61.21712224982736
0.004999340676210463,62.78700129599557
-0.056754111713233794,49.653133931405726
-0.06461094405211477,-539.058315831028
0.01773542516733828,-498.2771362207801
0.009899236906919243,-447.1794243405553
0.10467088886940712,-369.1911074693115
0.09862630730556017,-207.26477962252693
0.06608580611516825,-25.12209987133433
-0.05008766415346642,-1091.650852211687
-0.04986235202951564,-1082.8157992789045
-0.035449187328233205,-594.0363047534453
0.03749195420388373,51.55756927140961
0.02997801557887806,4.9132768065392725
-0.0019529693613270387,-55.47546990326634
-0.07895561128509218,81.0145683248687
-0.2005682040330832,90.31323597204037
-0.3756006720005689,70.10059835957793
-0.3561306336973477,32.467360513490405
-0.35721051055304426,4.603914069547307
-0.3327852031303279,-67.0186531487435
-0.2553263034616836,-108.76278542971308
-0.09247367072921261,-19.564461679526556
0.07698551397107671,-4.207657458917377
0.0379834978652777,-178.3445692787816
0.005859456530397903,-184.80929743863956
0.04382129180054768,9.110799601265882
0.0065444121836083224,-100.78258997878713
0.0007994882549280868,-107.34976999049321
-0.002726483798144082,-116.23777722831021
-0.13998338738720648,45.36326645073363
-0.25290152005751676,13.24526366522703
-0.23390193726929412,63.823109595812745
-0.01390057702495439,-81.15808503789891
0.06334793733130492,64.47745518024568
-0.1367909085270903,-81.45489636212673
0.15327539356464856,-152.44779412928995
-0.0556494663409323,-116.98751176804035
0.03885001840771759,28.996831498716258
-0.07817853819703073,-10.055538309009957
-0.3277856535271207,-125.53001099236552
0.08633294212878449,12.521952433719092
0.08530013227700108,12.525098568469787
-0.04193805180017777,-660.8139201923067
0.15438995594871657,-140.97125980533818
0.15269459242031072,-148.89006901795747
0.14914419098772208,-172.5598006514576
0.14611937495242408,-189.8763648945392
0.14529215145470903,-204.23674930656276
0.14446491692489946,-220.18729041547078
0.14363767136275257,-238.0070770074776
0.1428104147680477,-258.0445723831413
0.14247559229061976,-257.19665172999254
0.07816691001840408,34.24940059609967
0.13109007120710675,86.4614379430919
0.12779412209669902,86.51540623595497
0.12287326032929366,86.29484098687973
0.12019035615689715,86.21834441678368
0.1166175271909727,86.4285264598446
0.11626389689900539,86.43820700883954
0.11136671962342248,86.66964116956142
0.11085125374093525,86.4410619510916
0.10651223299693355,86.9664734529732
0.10587528146896938,87.05373068088106
0.10523832064993305,87.13935779551721
0.10429722092180069,87.15452798937775
0.10038745328864022,86.83571617149879
0.09386630392967905,85.87930934670689
0.08759468863447392,85.30405441162793
0.0846563530123094,85.51659700215826
0.07838280718139076,84.48820011132787
0.07283467001752145,84.01216509297839
0.06882681753006306,83.82229729361688
0.06752397822062575,83.71108030905988
0.06614819363350914,83.12083721181455
0.06369079585265644,82.20948329092977
0.05838129272766049,81.19972092326991
0.05743911277682963,80.83374872091986
0.05649692209871603,80.46926228865516
-0.024912903544980824,44.656862368199505
-0.154844800062503,-134.40206199389965
-0.15693569335978952,-144.7890770591104
-0.15728588787332026,-144.8661515354484
-0.15763608431448817,-144.95023246445766
-0.19771574031279404,-182.94664171046705
-0.19848800279715534,-184.92243499980003
0.09708325144876306,83.45568305794335
0.09188274135731493,83.54002922049794
0.09059061938797013,83.5963767400009
0.04501668471557355,84.1409355708731
0.035896510011354285,80.69106689915884
0.17160094965519984,47.043617627891145
0.041642040246865346,-442.7270178813564
-0.20394988589091653,29.08441507168704
-0.12004590625976957,-148.39843867307746
-0.1109180134980266,-29.678489946138377
-0.15909274795200717,-72.62825153147494
0.00983887435536652,-28.51211645189388
0.04161227205974046,26.267582769923024
-0.04113263490024439,-188.0384690976742
-0.041076814711831465,-186.99579062555185
-0.11486339432251397,91.37820881621343
-0.26522383690660617,-395.0745558374081
-0.27045413666293755,-473.05820013808557
-0.09512156516728225,73.82450268475928
0.03713856840939092,-4.860204439211549
0.012529935660494942,-30.15095278088799
0.27155238673456894,-738.0090586390814
0.32686553848059474,88.73616940274344
0.12438682042684249,-81.285215616914
-0.06494098262035013,-61.432266502735956
0.5517910322269054,1.5440287579188379
-0.2872167679378935,76.74429668369812
-0.31062996763528367,78.65417729416669
-0.2981838403210302,13.672639327467806
0.30630099321633697,-195.98478842735963
0.2937631920720825,-249.33028658714272
0.19748552618684506,-488.69418893764555
-0.10291553640584195,-49.373923437794836
-0.11092961218011936,38.48793058037585
0.8213660368932458,18.169826342006136
0.4386520212488137,-1.8531498942008235
0.4125719432983825,1.5755751865460992
0.40006598247143355,2.6542817704703663
0.3644499539556689,3.1136266323669037
0.3465418190518566,2.2694702544838794
0.3149775367798653,-1.2346501518229338
0.30029130275181465,-2.8578149111646702
0.2573081272555696,-6.356577200406992
0.24017827566902736,-7.090827365349195
0.23591548110273938,-7.253471193038652
0.22046540187518351,-7.390620147061869
0.19290428533486248,-11.183044816893158
-0.40673921522942746,29.279632821720497
-0.41414084948951085,29.144799249490106
-0.804774360268929,59.16120905409395
-0.8215972582450387,58.96081349059633
-0.8389770786068155,58.972720045164195
-0.8661985832930735,59.615722980100614
-0.8849406233096336,60.50516647736119
-0.9106529711333426,62.449966592213116
-0.9759110643838139,67.3524260157071
-1.0017173417851746,69.15814053704644
-1.2658713362714427,75.84215001118706
0.07811554565279792,77.98476191628765
0.26446751731844537,25.74389477235236
0.3763126710436719,-40.8686223570699
0.2599890523378776,-49.85218537380383
0.41591170320984633,73.8380387180567
0.14883646473104717,86.98481124160024
-0.4668015279936137,83.23004325796886
-0.4771006822591576,84.23153260211448
-0.48506942086024124,84.5816885923561
-0.48711020045033426,84.6724905689714
-0.5681731778163243,84.97109983590894
-0.6599736567691875,54.11090289617386
-0.9546407047718161,-1318.3355022225028
0.7900764571967164,94.15729578927055
0.802578245255843,93.7952600221859
0.8107934033732842,93.40349368207266
0.8310852898874831,85.33945273018708
0.7964963610690122,76.89076590484818
0.7812932446351131,77.08356044843913
0.6993881235507944,70.12078832675857
0.292522276511271,-266.1713831286569
0.2846034426742788,-284.3332510906808
0.26563754742199136,-332.9125841949632
0.08336360838392665,-935.6011452371399
0.6385182376305575,95.12078041638429
-0.12741807084627102,-187.74038982282124
-0.10710161192883424,77.04881139415589
-0.1518307750271934,79.04701277662598
-0.10190001428078369,87.07465305971392
-0.10011433091935247,87.03154792698771
-0.01152209941665955,87.93115325564058
0.7159439174292401,83.48555892685638
-0.2930713628925285,-161.05769545233488
-0.2842511375878749,-197.6845872849379
-0.2226091876704225,-267.47470082577075
-0.18995632065074544,-360.3618534303132
-0.17236473589528217,-516.0044288991755
